"Item code","Shopify product","Variant","Shopify stock now"
"M0126793","Dusty Lavender Designer Sharara Suit Set with Heavy Embroidery","Default Title","0"
"M0126794","Champagne Embroidered Designer Saree","Default Title","5"
"M0126795","Royal Blue Embroidered Suit Set","Default Title","5"
"M0126796","Mustard Floral Embroidered Suit Set","Default Title","5"
"M0126797","Mint Floral Embroidered Suit Set","Default Title","5"
"M0126798","Red Bandhani Embroidered Suit Set","Red","5"
"M0126799","Red Bandhani Embroidered Suit Set","Rani Pink","5"
"M0126800","Sky Blue Chikankari Embroidered Suit Set","Sky Blue","5"
"M0126801","Sky Blue Chikankari Embroidered Suit Set","Beige","5"
"M0126802","Purple Embroidered Designer Suit Set","Default Title","5"
"M0126803","Golden Beige Embroidered Designer Party Suit Set","Blue","5"
"M0126804","Golden Beige Embroidered Designer Party Suit Set","Green","5"
"M0126805","Golden Beige Embroidered Designer Party Suit Set","Orange","5"
"M0126806","Black Embroidered Designer Suit Set","Black","5"
"M0126807","Black Embroidered Designer Suit Set","Orange","5"
"M0126808","Black Embroidered Designer Suit Set","Beige","5"
"M0126809","Black Embroidered Designer Suit Set","Mint Green","5"
"M0126810","Wine Embroidered Designer Saree","Wine","5"
"M0126811","Wine Embroidered Designer Saree","Rani Pink","5"
"M0126812","Wine Embroidered Designer Saree","Royal Purple","5"
"M0126813","Sunshine Yellow Floral Designer Saree","Yellow","5"
"M0126814","Sunshine Yellow Floral Designer Saree","Peach","5"
"M0126815","Sunshine Yellow Floral Designer Saree","White","5"
"M0126816","Sunshine Yellow Floral Designer Saree","Sky Blue","5"
"M0126817","Sunshine Yellow Floral Designer Saree","Lavender","5"
"M0126818","Turquoise Blue Banarasi Silk Saree","Turquoise Blue","5"
"M0126819","Turquoise Blue Banarasi Silk Saree","Ivory","5"
"M0126820","Turquoise Blue Banarasi Silk Saree","Rani Pink","5"
"M0126825","Mauve Embroidered Sharara Set","Default Title","5"
"M0126828","Sky Blue Cotton Women's Suit","Default Title","5"
"M0126829","Teal Silk Kurta Sharara Set with Blue Dupatta","Default Title","5"
"M0126830","Ivory Floral Embroidered Lehenga Set with Sequined Dupatta","Default Title","5"
"M0126832","Purple Banarasi Silk Saree with Golden Zari Border","Default Title","5"
"M0126833","Lavender Banarasi Silk Saree with Elegant Zari Work","Default Title","5"
"M0126834","Pastel Blue & Yellow Embroidered Lehenga Set","Default Title","5"
"M0126835","Handcrafted Designer Net Saree with Heavy Stone Work","Default Title","5"
"M0126836","Peach Floral Embroidered Designer Lehenga Set","Default Title","5"
"M0126837","Floral Saree","Default Title","5"
"M0126838","Purple Floral Saree","Default Title","5"
"M0126839","Circular Designer Saree","Default Title","5"
"M0126840","Designer Column Saree","Default Title","5"
"M0126841","Floral Designer Saree","Yellow","5"
"M0126842","Floral Designer Saree","Blue","5"
"M0126844","Multicolor Saree","Ivory Red","5"
"M0126845","Multicolor Saree","Wine","5"
"M0126846","Multicolor Saree","Reddish Yellow","5"
"M0126847","Ruby Red Bridal Lehenga Set","Default Title","5"
"M0126848","Mustard Heritage Print Saree","Default Title","5"
"M0126849","Blush Pink Embellished Saree","Default Title","5"
"M0126850","Ivory Embellished Designer Saree","Default Title","5"
"M0126851","Ivory Floral Art Silk Saree","Default Title","5"
"M0126852","Rose Gold Embroidered Designer Saree","Default Title","5"
"M0126853","Turquoise Embroidered Designer Saree","Default Title","5"
"M0126854","Blush Pink Embellished Ball Gown","Default Title","5"
"M0126855","Blush Pink Embellished Designer Gown","Default Title","5"
"M0126856","Champagne Embellished Sharara Set","Default Title","5"
"M0126857","Ruby Red Embroidered Designer Saree","Default Title","5"
"M0126858","Rust Floral Printed Saree with Embroidered Blouse","Default Title","5"
"M0126863","Floral Lace Designer Kurti","Green","5"
"M0126864","Black Floral Printed Suit Set","Default Title","5"
"M0126865","Ivory Floral Embroidered Kurta Set","Default Title","5"
"M0126866","Multicolor Designer Saree with Embroidered Border","Default Title","5"
"M0126867","Multicolor Patchwork Saree with Mirror Work","Default Title","5"
"M0126871","Ivory Floral Embroidered Designer Suit Set with Dupatta","Default Title","5"
"M0126872","Teal Green Embroidered Designer Suit Set with Dupatta","Default Title","5"
"M0126873","Sea Green Hand Embroidered Designer Suit Set with Dupatta","Default Title","5"
"M0126874","Magenta Banarasi Silk Saree with Rich Zari Work","Default Title","5"
"M0126875","Ivory Hand Embroidered Designer Suit Set with Multicolor Floral Work & Dupatta","Default Title","5"
"M0126876","Beige Floral Embroidered Co-Ord Set for Women","Default Title","5"
"M0126877","Blush Pink Designer Sharara Suit Set with Embroidered Neckline","Default Title","5"
"M0126878","Dusty Rose Designer Sharara Suit Set with Heavy Sequin Embroidery","Default Title","5"
"M0126879","Golden Beige Designer Suit Set with Hand Embroidery","Default Title","5"
"M0126880","Peach Designer Suit Set with Stone Embroidery","Default Title","5"
"M0126881","Mustard Yellow Hand Embroidered Designer Suit Set with Dupatta","Default Title","5"
"M0126882","Teal Silk Kurta Sharara Set with Pink Dupatta","Default Title","5"
"M0126883","Ivory Embroidered Designer Saree with Cape Blouse","Default Title","5"
"M0126884","Champagne Embroidered Designer Gown with Floral Handwork","Default Title","5"
"M0126885","Mauve Embroidered Sharara Suit Set with Dupatta","Default Title","5"
"M0126886","Ivory Floral Printed Saree","Default Title","5"
"M0126894","Champagne Gold Designer Saree Set","Default Title","5"
"M0126895","Blush Pink Designer Drape Saree with Pearl Embellished Blouse & Embroidered Cape","Default Title","5"
"M0126896","Ivory Designer Net Saree with Hand Embellished Blouse","Default Title","5"
"M0126897","Royal Purple Designer Saree with Heavy Gold Embroidered Border","Default Title","5"
"M0126898","Royal Purple Designer Saree with Gold Buti Checks & Multicolor Embroidered Border","Royal Purple","5"
"M0126899","Royal Purple Designer Saree with Gold Buti Checks & Multicolor Embroidered Border","Classic Red","5"
"M0126900","Royal Purple Designer Saree with Gold Buti Checks & Multicolor Embroidered Border","Orange","5"
"M0126901","Royal Purple Designer Saree with Gold Buti Checks & Multicolor Embroidered Border","Royal Maroon","5"
"M0126902","Pastel Pistachio Green Designer Saree with Gold Buti & Floral Embroidered Border","Default Title","5"
"M0126909","Mustard Yellow Floral Designer Saree","Default Title","5"
"M0126910","Magenta Pink Designer Patchwork Saree","Default Title","5"
"M0126911","Royal Banarsi Silk Saree with Zari Border","Purple","5"
"M0126912","Royal Banarsi Silk Saree with Zari Border","Orange","5"
